,Gender,TravelMethod,TravelTime,PartTimeJob,Relationship,Father's_education,Mother's_education,StudyHours,AttendenceLecs,Concentrate,Friends,SocialMediaTime,extra curricular,HowYouPrepare,StudyPattern,Rate yourself,Marks
0,1,1,3,0,0,1,1,2,1,1,1,3,1,4,1,1,80 to 89
1,1,0,3,0,1,1,2,3,1,1,1,2,1,4,1,1,80 to 89
2,1,1,4,0,0,3,2,2,2,1,0,3,0,1,2,3,60 to 69
3,1,0,3,0,1,1,2,4,1,1,1,2,1,4,1,1,80 to 89
4,1,1,2,0,0,2,1,2,2,1,0,4,0,1,2,2,70 to 79
5,1,1,4,0,0,1,1,3,2,1,1,3,0,7,2,2,60 to 69
6,1,1,3,0,0,1,1,4,2,2,1,3,1,4,2,2,70 to 79
7,1,1,3,0,0,2,2,2,2,1,0,3,1,1,1,2,70 to 79
8,0,0,2,0,1,2,2,4,1,1,1,3,0,4,2,2,60 to 69
9,1,1,3,0,0,1,1,2,2,2,1,2,0,2,2,2,70 to 79
10,1,1,4,0,0,2,2,3,2,2,1,3,1,1,1,2,70 to 79
11,0,0,2,0,1,1,2,3,2,1,1,3,0,1,2,2,70 to 79
12,0,0,1,0,0,1,1,4,2,1,1,2,0,5,1,2,80 to 89
13,0,0,2,0,0,1,2,2,2,2,1,3,1,4,1,2,80 to 89
14,0,1,3,0,0,2,2,3,2,1,1,3,0,7,2,2,70 to 79
15,0,1,2,0,1,1,2,5,2,1,1,3,0,1,2,2,70 to 79
16,1,0,1,0,0,2,2,4,2,1,1,3,0,4,2,2,70 to 79
17,0,0,3,0,1,1,1,3,1,1,1,3,0,2,2,2,80 to 89
18,1,1,1,0,0,1,1,1,1,1,0,2,0,5,2,2,60 to 69
19,0,1,2,0,0,1,2,4,1,1,1,2,0,1,1,2,70 to 79
20,0,1,4,0,0,1,2,3,2,1,1,2,1,1,2,2,80 to 89
21,1,1,3,1,0,2,2,3,2,3,1,1,1,4,1,2,80 to 89
22,1,0,2,0,0,2,1,2,1,1,1,3,0,4,2,2,80 to 89
23,0,1,4,0,1,1,1,2,2,1,1,3,0,1,2,3,60 to 69
24,1,0,3,1,0,2,2,2,2,2,1,3,1,7,2,2,60 to 69
25,1,1,3,1,0,1,1,4,2,1,1,3,0,4,2,2,80 to 89
26,1,1,2,0,1,1,1,3,1,1,1,3,1,7,2,2,80 to 89
27,0,0,1,0,0,1,2,1,2,1,1,3,0,1,2,1,90 to 100
28,1,0,3,0,1,1,2,4,2,3,1,2,1,4,1,2,70 to 79
29,0,1,1,1,1,1,1,1,1,1,1,2,1,2,2,3,60 to 69
30,1,0,3,0,1,1,1,3,1,1,1,2,0,1,2,2,80 to 89
31,1,1,4,0,0,1,2,3,1,1,1,3,0,4,2,2,80 to 89
32,1,1,2,0,0,1,2,3,1,1,1,3,1,4,2,1,80 to 89
33,1,1,4,0,0,1,2,3,1,1,1,3,1,4,1,2,80 to 89
34,0,1,2,0,0,1,1,4,2,2,1,2,0,1,2,2,80 to 89
35,0,0,2,0,0,1,1,2,2,1,1,3,1,4,2,3,80 to 89
36,0,1,4,0,0,2,2,3,2,2,1,3,0,4,1,2,70 to 79
37,1,1,4,0,0,2,2,1,1,1,1,3,0,6,2,2,70 to 79
38,1,1,4,0,0,2,2,4,2,2,1,1,0,1,1,1,90 to 100
39,1,1,4,0,0,1,1,4,2,2,1,3,0,4,1,2,60 to 69
40,0,1,2,1,1,1,2,3,2,2,1,3,0,1,1,1,90 to 100
41,1,1,4,1,1,2,2,2,2,1,1,1,0,1,2,2,70 to 79
42,0,1,2,0,0,3,2,3,2,1,0,3,0,1,2,1,80 to 89
43,0,0,3,1,1,1,1,3,2,2,1,2,1,3,2,3,60 to 69
44,1,0,2,0,1,2,2,4,2,2,1,1,1,1,2,2,70 to 79
45,0,1,3,0,1,2,2,1,2,1,1,3,1,4,2,2,80 to 89
46,0,1,3,1,1,1,1,3,2,2,1,1,0,3,2,3,20 to 29
47,1,0,1,1,1,2,2,2,1,1,1,2,1,7,1,1,90 to 100
48,1,1,4,0,0,2,2,2,2,1,1,3,1,4,1,2,70 to 79
49,1,1,2,1,0,1,1,4,1,1,0,2,1,1,1,1,90 to 100
50,0,0,2,1,0,1,2,3,2,2,1,3,1,4,1,2,80 to 89
51,1,0,2,1,0,1,2,2,2,1,1,1,0,4,1,2,70 to 79
52,1,1,4,0,0,2,2,3,1,1,1,2,0,1,2,2,60 to 69
53,0,0,1,0,0,2,2,4,2,1,1,3,1,4,2,1,80 to 89
54,1,0,2,0,0,1,1,2,2,1,1,3,0,4,2,2,70 to 79
55,1,0,4,0,0,2,2,2,2,2,1,3,0,1,2,2,80 to 89
56,1,1,3,1,0,1,2,3,2,1,1,1,0,1,2,2,70 to 79
57,1,1,3,0,0,1,2,4,2,1,1,3,1,1,1,1,90 to 100
58,1,0,1,0,0,2,1,3,1,1,0,3,1,1,2,2,80 to 89
59,0,1,2,0,0,1,2,5,1,1,0,2,0,1,2,2,70 to 79
60,0,1,1,0,0,1,1,3,2,1,1,3,1,1,2,2,70 to 79
61,0,1,1,0,0,2,2,4,2,2,1,3,1,1,1,1,80 to 89
62,0,0,2,0,0,1,2,3,2,1,1,3,1,2,2,2,80 to 89
63,0,1,4,0,0,2,2,1,2,1,1,3,1,4,2,2,70 to 79
64,0,0,2,1,0,2,2,1,2,1,1,3,0,2,2,2,70 to 79
65,0,0,2,1,1,2,2,3,2,2,1,3,1,2,1,2,70 to 79
66,0,0,4,1,0,2,2,4,1,1,1,3,0,1,2,2,60 to 69
67,1,1,1,0,0,2,3,3,1,1,0,3,1,5,2,2,60 to 69
68,1,1,3,0,0,2,2,2,2,1,1,3,1,7,2,2,70 to 79
69,0,1,2,0,0,1,2,3,2,2,1,1,0,1,1,2,70 to 79
70,0,0,1,0,0,1,1,1,2,1,1,3,0,1,2,2,60 to 69
71,0,0,2,1,0,2,2,3,2,2,1,2,0,4,2,2,70 to 79
72,1,1,3,0,0,2,2,2,1,1,1,3,1,4,2,3,60 to 69
73,1,1,3,0,0,1,1,2,1,1,0,3,1,4,2,2,70 to 79
74,1,1,4,0,1,1,1,2,2,1,1,2,1,7,2,3,60 to 69
75,1,0,1,1,1,1,2,1,1,3,1,3,1,4,2,2,70 to 79
76,1,1,4,0,0,1,2,2,2,2,1,3,1,4,2,2,70 to 79
77,0,0,1,0,0,1,1,3,2,2,1,1,1,1,2,2,70 to 79
78,0,0,3,0,1,2,1,2,2,1,1,3,0,1,2,2,60 to 69
79,1,1,4,0,0,1,1,3,1,1,1,3,0,1,1,2,70 to 79
80,0,0,4,0,0,1,1,2,2,2,1,3,0,4,1,3,70 to 79
81,0,0,1,0,0,1,1,3,1,1,1,2,1,4,2,2,60 to 69
82,0,0,2,1,0,2,2,2,2,2,1,3,0,4,2,1,80 to 89
83,0,1,2,0,0,1,1,2,1,1,1,3,1,1,2,3,70 to 79
84,1,0,2,0,0,1,2,3,2,1,1,3,1,4,2,1,80 to 89
85,0,0,3,1,0,1,1,3,1,1,1,3,1,4,1,2,80 to 89
86,0,1,1,0,0,1,2,1,1,1,1,2,0,1,2,2,70 to 79
87,0,0,1,0,0,1,2,3,2,1,1,3,0,1,2,3,50 to 59
88,0,0,3,0,0,1,1,3,2,1,1,2,0,1,2,2,70 to 79
89,0,0,1,0,0,1,1,2,2,1,0,3,0,1,2,2,70 to 79
90,1,1,1,0,1,2,1,4,1,1,1,3,1,1,2,2,80 to 89
91,0,0,3,0,0,1,1,4,1,1,1,2,1,1,2,3,70 to 79
92,1,0,1,0,0,2,1,2,1,1,1,3,1,5,1,2,70 to 79
93,0,0,2,0,0,1,1,2,2,1,1,2,1,1,2,3,60 to 69
94,1,1,3,0,0,1,1,1,1,1,1,3,1,1,2,3,60 to 69
95,1,1,1,0,0,1,1,3,1,1,0,2,1,1,2,1,80 to 89
96,0,0,1,1,0,2,2,2,1,1,1,1,0,1,2,3,60 to 69
97,0,0,1,0,0,1,1,3,2,1,1,3,0,1,2,2,80 to 89
98,0,1,2,0,0,1,2,3,2,2,1,1,0,4,2,2,80 to 89
99,1,1,4,0,0,1,2,5,1,1,1,3,1,7,2,2,60 to 69
100,0,0,2,0,1,1,1,4,2,1,0,1,0,1,1,2,80 to 89
101,0,1,1,0,0,1,1,3,2,1,1,2,0,4,2,2,70 to 79
102,1,1,2,0,0,1,2,1,2,1,1,3,0,4,2,2,70 to 79
103,0,0,2,0,0,2,2,5,1,1,1,3,0,4,2,3,80 to 89
104,0,0,4,0,0,1,1,1,1,1,1,3,1,4,2,2,70 to 79
105,0,1,3,0,0,2,2,4,2,2,1,2,0,1,1,1,80 to 89
106,1,1,3,0,1,2,3,1,1,1,0,1,0,1,2,3,50 to 59
107,0,1,4,0,0,2,1,1,3,1,0,3,0,1,2,4,0 to 20
108,1,0,2,0,1,2,2,1,1,1,0,3,0,2,2,4,20 to 29
109,0,0,4,1,0,3,2,1,1,1,1,4,1,2,2,4,40 to 49
110,0,1,3,1,1,1,2,1,3,1,1,3,1,1,2,3,30 to 39
111,1,1,4,0,1,2,1,1,1,3,0,4,1,1,2,4,30 to 39
112,1,0,4,1,0,1,3,4,2,1,0,3,1,2,2,4,0 to 20
113,0,1,4,1,0,2,2,2,1,1,0,3,1,1,2,3,40 to 49
114,0,0,1,1,1,1,1,1,1,3,1,3,1,6,2,4,30 to 39
115,1,0,3,0,1,2,1,2,1,1,1,3,0,4,2,3,50 to 59
116,0,1,4,1,1,3,3,2,2,2,0,3,1,1,2,4,0 to 20
117,1,1,3,0,1,2,3,4,1,3,0,3,1,1,2,3,30 to 39
118,1,0,4,1,0,1,2,3,2,1,1,3,1,7,2,3,50 to 59
119,1,1,4,1,1,1,2,1,1,1,0,3,1,1,2,4,0 to 20
120,0,0,3,1,1,3,2,2,2,1,0,2,1,2,1,2,50 to 59
121,0,1,4,0,1,2,2,1,1,1,0,3,1,4,2,4,20 to 29
122,1,1,4,1,1,1,2,4,2,1,1,1,1,5,1,1,90 to 100
123,1,1,2,1,0,2,3,1,1,2,1,2,0,2,2,3,30 to 39
124,0,1,4,1,1,3,3,4,2,2,0,1,0,1,1,2,60 to 69
125,1,1,3,0,1,2,2,2,2,2,1,3,1,1,1,3,40 to 49
126,1,0,3,1,0,2,1,1,1,1,0,2,1,1,2,2,20 to 29
127,0,0,4,1,0,2,1,2,1,1,1,3,1,1,2,4,30 to 39
128,1,0,2,1,1,1,1,3,2,1,1,2,1,7,1,1,80 to 89
129,1,1,4,1,1,1,1,4,2,2,0,2,1,1,1,1,80 to 89
130,1,1,3,1,1,2,2,1,1,1,0,3,1,1,2,3,40 to 49
131,1,0,3,0,1,2,2,2,1,1,1,3,1,4,2,3,40 to 49
132,0,0,2,0,1,1,2,1,1,1,0,2,0,1,2,3,50 to 59
133,0,0,4,0,0,2,3,2,1,1,0,1,1,2,2,4,40 to 49
134,0,0,1,0,0,1,1,2,2,1,1,3,1,1,2,3,40 to 49
135,1,0,3,1,0,1,1,2,2,1,0,1,0,1,2,3,50 to 59
136,1,1,2,1,1,1,1,2,1,1,0,3,0,1,2,3,20 to 29
137,1,1,3,1,0,2,3,2,1,1,1,3,1,4,2,3,50 to 59
138,1,1,4,1,0,2,3,2,1,1,0,3,0,1,2,3,30 to 39
139,1,0,4,0,1,2,2,1,1,1,0,3,1,1,2,3,40 to 49
140,0,0,1,0,0,1,1,1,1,1,1,3,1,1,2,4,20 to 29
141,1,1,3,0,0,2,2,3,2,1,1,2,1,7,1,1,90 to 100
142,0,1,4,0,0,2,1,1,3,1,0,3,0,1,2,4,0 to 20
143,1,1,4,1,1,1,2,1,1,1,0,3,1,1,2,4,0 to 20
144,1,0,4,1,0,1,3,4,2,1,0,3,1,2,2,4,0 to 20
145,0,1,4,0,0,2,1,1,3,1,0,3,0,1,2,4,0 to 20
146,1,1,4,1,1,1,2,1,1,1,0,3,1,1,2,4,0 to 20
147,1,1,4,1,1,1,2,1,1,1,0,3,1,1,2,4,0 to 20
148,1,1,4,1,1,1,2,1,1,1,0,3,1,1,2,4,0 to 20
149,1,1,4,1,1,1,2,1,1,1,0,3,1,1,2,4,0 to 20
150,1,0,4,1,0,1,3,4,2,1,0,3,1,2,2,4,0 to 20
151,1,1,4,1,1,1,2,1,1,1,0,3,1,1,2,4,0 to 20
152,1,0,4,1,0,1,3,4,2,1,0,3,1,2,2,4,0 to 20
153,0,1,4,1,1,3,3,2,2,2,0,3,1,1,2,4,0 to 20
154,0,1,4,0,0,2,1,1,3,1,0,3,0,1,2,4,0 to 20
155,1,1,4,1,1,1,2,1,1,1,0,3,1,1,2,4,0 to 20
156,0,1,4,1,1,3,3,2,2,2,0,3,1,1,2,4,0 to 20
157,0,1,4,0,0,2,1,1,3,1,0,3,0,1,2,4,0 to 20
158,0,1,4,0,0,2,1,1,3,1,0,3,0,1,2,4,0 to 20
159,0,1,4,0,0,2,1,1,3,1,0,3,0,1,2,4,0 to 20
160,0,1,4,1,1,3,3,2,2,2,0,3,1,1,2,4,0 to 20
161,1,0,4,1,0,1,3,4,2,1,0,3,1,2,2,4,0 to 20
162,0,1,4,1,1,3,3,2,2,2,0,3,1,1,2,4,0 to 20
163,1,1,4,1,1,1,2,1,1,1,0,3,1,1,2,4,0 to 20
164,1,1,4,1,1,1,2,1,1,1,0,3,1,1,2,4,0 to 20
165,0,1,4,1,1,3,3,2,2,2,0,3,1,1,2,4,0 to 20
166,0,1,4,0,0,2,1,1,3,1,0,3,0,1,2,4,0 to 20
167,1,0,4,1,0,1,3,4,2,1,0,3,1,2,2,4,0 to 20
168,1,0,4,1,0,1,3,4,2,1,0,3,1,2,2,4,0 to 20
169,1,0,4,1,0,1,3,4,2,1,0,3,1,2,2,4,0 to 20
170,1,0,4,1,0,1,3,4,2,1,0,3,1,2,2,4,0 to 20
171,0,1,4,0,0,2,1,1,3,1,0,3,0,1,2,4,0 to 20
172,1,0,4,1,0,1,3,4,2,1,0,3,1,2,2,4,0 to 20
173,0,1,4,0,0,2,1,1,3,1,0,3,0,1,2,4,0 to 20
174,1,1,4,1,1,1,2,1,1,1,0,3,1,1,2,4,0 to 20
175,0,1,4,0,0,2,1,1,3,1,0,3,0,1,2,4,0 to 20
176,1,1,4,1,1,1,2,1,1,1,0,3,1,1,2,4,0 to 20
177,1,0,4,1,0,1,3,4,2,1,0,3,1,2,2,4,0 to 20
178,0,1,4,1,1,3,3,2,2,2,0,3,1,1,2,4,0 to 20
179,1,1,4,1,1,1,2,1,1,1,0,3,1,1,2,4,0 to 20
180,0,1,3,1,1,1,1,3,2,2,1,1,0,3,2,3,20 to 29
181,0,1,4,0,1,2,2,1,1,1,0,3,1,4,2,4,20 to 29
182,1,0,3,1,0,2,1,1,1,1,0,2,1,1,2,2,20 to 29
183,0,1,3,1,1,1,1,3,2,2,1,1,0,3,2,3,20 to 29
184,1,0,2,0,1,2,2,1,1,1,0,3,0,2,2,4,20 to 29
185,1,0,3,1,0,2,1,1,1,1,0,2,1,1,2,2,20 to 29
186,0,0,1,0,0,1,1,1,1,1,1,3,1,1,2,4,20 to 29
187,1,0,3,1,0,2,1,1,1,1,0,2,1,1,2,2,20 to 29
188,1,0,3,1,0,2,1,1,1,1,0,2,1,1,2,2,20 to 29
189,0,1,3,1,1,1,1,3,2,2,1,1,0,3,2,3,20 to 29
190,1,0,2,0,1,2,2,1,1,1,0,3,0,2,2,4,20 to 29
191,1,0,2,0,1,2,2,1,1,1,0,3,0,2,2,4,20 to 29
192,1,0,2,0,1,2,2,1,1,1,0,3,0,2,2,4,20 to 29
193,0,1,3,1,1,1,1,3,2,2,1,1,0,3,2,3,20 to 29
194,0,1,4,0,1,2,2,1,1,1,0,3,1,4,2,4,20 to 29
195,1,1,2,1,1,1,1,2,1,1,0,3,0,1,2,3,20 to 29
196,1,0,3,1,0,2,1,1,1,1,0,2,1,1,2,2,20 to 29
197,1,0,3,1,0,2,1,1,1,1,0,2,1,1,2,2,20 to 29
198,0,1,4,0,1,2,2,1,1,1,0,3,1,4,2,4,20 to 29
199,1,1,2,1,1,1,1,2,1,1,0,3,0,1,2,3,20 to 29
200,0,1,4,0,1,2,2,1,1,1,0,3,1,4,2,4,20 to 29
201,0,1,3,1,1,1,1,3,2,2,1,1,0,3,2,3,20 to 29
202,0,1,3,1,1,1,1,3,2,2,1,1,0,3,2,3,20 to 29
203,1,1,2,1,1,1,1,2,1,1,0,3,0,1,2,3,20 to 29
204,0,0,1,0,0,1,1,1,1,1,1,3,1,1,2,4,20 to 29
205,0,0,1,0,0,1,1,1,1,1,1,3,1,1,2,4,20 to 29
206,0,1,3,1,1,1,1,3,2,2,1,1,0,3,2,3,20 to 29
207,1,1,2,1,1,1,1,2,1,1,0,3,0,1,2,3,20 to 29
208,1,0,2,0,1,2,2,1,1,1,0,3,0,2,2,4,20 to 29
209,1,1,2,1,1,1,1,2,1,1,0,3,0,1,2,3,20 to 29
210,1,0,2,0,1,2,2,1,1,1,0,3,0,2,2,4,20 to 29
211,0,1,4,0,1,2,2,1,1,1,0,3,1,4,2,4,20 to 29
212,0,1,4,0,1,2,2,1,1,1,0,3,1,4,2,4,20 to 29
213,0,1,3,1,1,1,1,3,2,2,1,1,0,3,2,3,20 to 29
214,1,0,2,0,1,2,2,1,1,1,0,3,0,2,2,4,20 to 29
215,1,0,2,0,1,2,2,1,1,1,0,3,0,2,2,4,20 to 29
216,1,1,4,0,1,2,1,1,1,3,0,4,1,1,2,4,30 to 39
217,1,1,4,0,1,2,1,1,1,3,0,4,1,1,2,4,30 to 39
218,1,1,3,0,1,2,3,4,1,3,0,3,1,1,2,3,30 to 39
219,1,1,4,1,0,2,3,2,1,1,0,3,0,1,2,3,30 to 39
220,1,1,3,0,1,2,3,4,1,3,0,3,1,1,2,3,30 to 39
221,1,1,4,1,0,2,3,2,1,1,0,3,0,1,2,3,30 to 39
222,0,0,1,1,1,1,1,1,1,3,1,3,1,6,2,4,30 to 39
223,1,1,3,0,1,2,3,4,1,3,0,3,1,1,2,3,30 to 39
224,0,1,3,1,1,1,2,1,3,1,1,3,1,1,2,3,30 to 39
225,1,1,4,1,0,2,3,2,1,1,0,3,0,1,2,3,30 to 39
226,1,1,3,0,1,2,3,4,1,3,0,3,1,1,2,3,30 to 39
227,0,0,4,1,0,2,1,2,1,1,1,3,1,1,2,4,30 to 39
228,1,1,2,1,0,2,3,1,1,2,1,2,0,2,2,3,30 to 39
229,1,1,4,0,1,2,1,1,1,3,0,4,1,1,2,4,30 to 39
230,0,0,1,1,1,1,1,1,1,3,1,3,1,6,2,4,30 to 39
231,1,1,2,1,0,2,3,1,1,2,1,2,0,2,2,3,30 to 39
232,1,1,3,0,1,2,3,4,1,3,0,3,1,1,2,3,30 to 39
233,1,1,2,1,0,2,3,1,1,2,1,2,0,2,2,3,30 to 39
234,1,1,4,1,0,2,3,2,1,1,0,3,0,1,2,3,30 to 39
235,1,1,2,1,0,2,3,1,1,2,1,2,0,2,2,3,30 to 39
236,1,1,2,1,0,2,3,1,1,2,1,2,0,2,2,3,30 to 39
237,1,1,3,0,1,2,3,4,1,3,0,3,1,1,2,3,30 to 39
238,1,1,2,1,0,2,3,1,1,2,1,2,0,2,2,3,30 to 39
239,1,1,2,1,0,2,3,1,1,2,1,2,0,2,2,3,30 to 39
240,1,1,2,1,0,2,3,1,1,2,1,2,0,2,2,3,30 to 39
241,0,1,3,1,1,1,2,1,3,1,1,3,1,1,2,3,30 to 39
242,1,1,4,1,0,2,3,2,1,1,0,3,0,1,2,3,30 to 39
243,1,1,2,1,0,2,3,1,1,2,1,2,0,2,2,3,30 to 39
244,1,1,3,0,1,2,3,4,1,3,0,3,1,1,2,3,30 to 39
245,0,0,1,1,1,1,1,1,1,3,1,3,1,6,2,4,30 to 39
246,0,0,4,1,0,2,1,2,1,1,1,3,1,1,2,4,30 to 39
247,0,0,4,1,0,2,1,2,1,1,1,3,1,1,2,4,30 to 39
248,0,0,4,1,0,2,1,2,1,1,1,3,1,1,2,4,30 to 39
249,0,1,3,1,1,1,2,1,3,1,1,3,1,1,2,3,30 to 39
250,1,1,4,0,1,2,1,1,1,3,0,4,1,1,2,4,30 to 39
251,0,0,4,0,0,2,3,2,1,1,0,1,1,2,2,4,40 to 49
252,0,1,4,1,0,2,2,2,1,1,0,3,1,1,2,3,40 to 49
253,1,1,3,1,1,2,2,1,1,1,0,3,1,1,2,3,40 to 49
254,0,0,4,1,0,3,2,1,1,1,1,4,1,2,2,4,40 to 49
255,1,0,4,0,1,2,2,1,1,1,0,3,1,1,2,3,40 to 49
256,0,0,4,0,0,2,3,2,1,1,0,1,1,2,2,4,40 to 49
257,0,0,1,0,0,1,1,2,2,1,1,3,1,1,2,3,40 to 49
258,0,0,4,1,0,3,2,1,1,1,1,4,1,2,2,4,40 to 49
259,0,1,4,1,0,2,2,2,1,1,0,3,1,1,2,3,40 to 49
260,1,1,3,0,1,2,2,2,2,2,1,3,1,1,1,3,40 to 49
261,1,0,3,0,1,2,2,2,1,1,1,3,1,4,2,3,40 to 49
262,1,1,3,0,1,2,2,2,2,2,1,3,1,1,1,3,40 to 49
263,0,0,4,1,0,3,2,1,1,1,1,4,1,2,2,4,40 to 49
264,0,0,4,0,0,2,3,2,1,1,0,1,1,2,2,4,40 to 49
265,1,1,3,1,1,2,2,1,1,1,0,3,1,1,2,3,40 to 49
266,1,1,3,0,1,2,2,2,2,2,1,3,1,1,1,3,40 to 49
267,1,1,3,0,1,2,2,2,2,2,1,3,1,1,1,3,40 to 49
268,0,0,4,0,0,2,3,2,1,1,0,1,1,2,2,4,40 to 49
269,0,0,4,1,0,3,2,1,1,1,1,4,1,2,2,4,40 to 49
270,1,0,4,0,1,2,2,1,1,1,0,3,1,1,2,3,40 to 49
271,0,0,4,0,0,2,3,2,1,1,0,1,1,2,2,4,40 to 49
272,0,1,4,1,0,2,2,2,1,1,0,3,1,1,2,3,40 to 49
273,1,0,4,0,1,2,2,1,1,1,0,3,1,1,2,3,40 to 49
274,0,0,4,1,0,3,2,1,1,1,1,4,1,2,2,4,40 to 49
275,1,1,3,0,1,2,2,2,2,2,1,3,1,1,1,3,40 to 49
276,1,1,3,0,1,2,2,2,2,2,1,3,1,1,1,3,40 to 49
277,1,1,3,1,1,2,2,1,1,1,0,3,1,1,2,3,40 to 49
278,1,1,3,0,1,2,2,2,2,2,1,3,1,1,1,3,40 to 49
279,1,0,4,0,1,2,2,1,1,1,0,3,1,1,2,3,40 to 49
280,1,0,4,0,1,2,2,1,1,1,0,3,1,1,2,3,40 to 49
281,1,1,3,1,1,2,2,1,1,1,0,3,1,1,2,3,40 to 49
282,1,1,3,0,1,2,2,2,2,2,1,3,1,1,1,3,40 to 49
283,0,1,4,1,0,2,2,2,1,1,0,3,1,1,2,3,40 to 49
284,1,1,3,0,1,2,2,2,2,2,1,3,1,1,1,3,40 to 49
285,1,0,3,1,0,1,1,2,2,1,0,1,0,1,2,3,50 to 59
286,1,0,4,1,0,1,2,3,2,1,1,3,1,7,2,3,50 to 59
287,1,0,3,1,0,1,1,2,2,1,0,1,0,1,2,3,50 to 59
288,1,0,4,1,0,1,2,3,2,1,1,3,1,7,2,3,50 to 59
289,1,0,4,1,0,1,2,3,2,1,1,3,1,7,2,3,50 to 59
290,1,0,3,0,1,2,1,2,1,1,1,3,0,4,2,3,50 to 59
291,1,0,3,1,0,1,1,2,2,1,0,1,0,1,2,3,50 to 59
292,1,0,4,1,0,1,2,3,2,1,1,3,1,7,2,3,50 to 59
293,0,0,3,1,1,3,2,2,2,1,0,2,1,2,1,2,50 to 59
294,1,1,3,0,1,2,3,1,1,1,0,1,0,1,2,3,50 to 59
295,1,0,3,0,1,2,1,2,1,1,1,3,0,4,2,3,50 to 59
296,1,0,4,1,0,1,2,3,2,1,1,3,1,7,2,3,50 to 59
297,1,0,3,1,0,1,1,2,2,1,0,1,0,1,2,3,50 to 59
298,1,1,3,0,1,2,3,1,1,1,0,1,0,1,2,3,50 to 59
299,1,0,3,0,1,2,1,2,1,1,1,3,0,4,2,3,50 to 59
300,1,1,3,0,1,2,3,1,1,1,0,1,0,1,2,3,50 to 59
301,0,0,3,1,1,3,2,2,2,1,0,2,1,2,1,2,50 to 59
302,1,0,3,0,1,2,1,2,1,1,1,3,0,4,2,3,50 to 59
303,1,0,3,1,0,1,1,2,2,1,0,1,0,1,2,3,50 to 59
304,1,0,4,1,0,1,2,3,2,1,1,3,1,7,2,3,50 to 59
305,0,0,1,0,0,1,2,3,2,1,1,3,0,1,2,3,50 to 59
306,1,0,4,1,0,1,2,3,2,1,1,3,1,7,2,3,50 to 59
307,1,0,3,0,1,2,1,2,1,1,1,3,0,4,2,3,50 to 59
308,1,0,4,1,0,1,2,3,2,1,1,3,1,7,2,3,50 to 59
309,0,0,1,0,0,1,2,3,2,1,1,3,0,1,2,3,50 to 59
310,0,0,1,0,0,1,2,3,2,1,1,3,0,1,2,3,50 to 59
311,1,0,3,1,0,1,1,2,2,1,0,1,0,1,2,3,50 to 59
312,0,0,1,0,0,1,2,3,2,1,1,3,0,1,2,3,50 to 59
313,1,0,3,1,0,1,1,2,2,1,0,1,0,1,2,3,50 to 59
314,1,0,4,1,0,1,2,3,2,1,1,3,1,7,2,3,50 to 59
315,1,0,3,1,0,1,1,2,2,1,0,1,0,1,2,3,50 to 59
316,1,0,3,0,1,2,1,2,1,1,1,3,0,4,2,3,50 to 59
317,1,0,4,1,0,1,2,3,2,1,1,3,1,7,2,3,50 to 59
318,0,0,1,0,0,1,2,3,2,1,1,3,0,1,2,3,50 to 59
319,0,0,3,1,1,1,1,3,2,2,1,2,1,3,2,3,60 to 69
320,1,1,3,0,0,2,2,2,1,1,1,3,1,4,2,3,60 to 69
321,0,0,2,0,1,2,2,4,1,1,1,3,0,4,2,2,60 to 69
322,1,1,1,0,0,1,1,1,1,1,0,2,0,5,2,2,60 to 69
323,0,0,2,0,1,2,2,4,1,1,1,3,0,4,2,2,60 to 69
324,1,1,1,0,0,2,3,3,1,1,0,3,1,5,2,2,60 to 69
325,1,1,3,0,0,2,2,2,1,1,1,3,1,4,2,3,60 to 69
326,0,0,1,0,0,1,1,3,1,1,1,2,1,4,2,2,60 to 69
327,0,0,3,1,1,1,1,3,2,2,1,2,1,3,2,3,60 to 69
328,0,0,3,1,1,1,1,3,2,2,1,2,1,3,2,3,60 to 69
329,0,0,1,1,0,2,2,2,1,1,1,1,0,1,2,3,60 to 69
330,0,0,3,1,1,1,1,3,2,2,1,2,1,3,2,3,60 to 69
331,0,0,2,0,1,2,2,4,1,1,1,3,0,4,2,2,60 to 69
332,1,1,4,0,0,1,2,5,1,1,1,3,1,7,2,2,60 to 69
333,1,1,1,0,0,1,1,1,1,1,0,2,0,5,2,2,60 to 69
334,0,0,1,0,0,1,1,1,2,1,1,3,0,1,2,2,60 to 69
335,1,1,4,0,1,1,1,2,2,1,1,2,1,7,2,3,60 to 69
336,1,1,4,0,0,3,2,2,2,1,0,3,0,1,2,3,60 to 69
337,0,1,4,0,1,1,1,2,2,1,1,3,0,1,2,3,60 to 69
338,1,1,1,0,0,1,1,1,1,1,0,2,0,5,2,2,60 to 69
339,1,0,3,0,1,1,1,3,1,1,1,2,0,1,2,2,80 to 89
340,1,0,1,0,0,2,1,3,1,1,0,3,1,1,2,2,80 to 89
341,1,1,2,0,0,1,2,3,1,1,1,3,1,4,2,1,80 to 89
342,1,0,3,0,1,1,1,3,1,1,1,2,0,1,2,2,80 to 89
343,0,0,2,0,0,1,1,2,2,1,1,3,1,4,2,3,80 to 89
344,0,0,1,0,0,1,2,1,2,1,1,3,0,1,2,1,90 to 100
345,1,1,3,0,0,1,2,4,2,1,1,3,1,1,1,1,90 to 100
346,1,1,3,0,0,1,2,4,2,1,1,3,1,1,1,1,90 to 100
347,1,1,4,1,1,1,2,4,2,1,1,1,1,5,1,1,90 to 100
348,1,1,4,0,0,2,2,4,2,2,1,1,0,1,1,1,90 to 100
349,0,0,1,0,0,1,2,1,2,1,1,3,0,1,2,1,90 to 100
350,1,1,2,1,0,1,1,4,1,1,0,2,1,1,1,1,90 to 100
351,1,1,4,0,0,2,2,4,2,2,1,1,0,1,1,1,90 to 100
352,1,1,4,1,1,1,2,4,2,1,1,1,1,5,1,1,90 to 100
353,1,1,3,0,0,1,2,4,2,1,1,3,1,1,1,1,90 to 100
354,1,1,3,0,0,1,2,4,2,1,1,3,1,1,1,1,90 to 100
355,1,0,1,1,1,2,2,2,1,1,1,2,1,7,1,1,90 to 100
356,1,1,4,0,0,2,2,4,2,2,1,1,0,1,1,1,90 to 100
357,0,0,1,0,0,1,2,1,2,1,1,3,0,1,2,1,90 to 100
358,0,0,1,0,0,1,2,1,2,1,1,3,0,1,2,1,90 to 100
359,1,1,2,1,0,1,1,4,1,1,0,2,1,1,1,1,90 to 100
360,1,0,1,1,1,2,2,2,1,1,1,2,1,7,1,1,90 to 100
361,1,0,1,1,1,2,2,2,1,1,1,2,1,7,1,1,90 to 100
362,1,1,4,0,0,2,2,4,2,2,1,1,0,1,1,1,90 to 100
363,1,1,4,1,1,1,2,4,2,1,1,1,1,5,1,1,90 to 100
364,1,1,3,0,0,1,2,4,2,1,1,3,1,1,1,1,90 to 100
365,1,1,3,0,0,2,2,3,2,1,1,2,1,7,1,1,90 to 100
366,1,1,3,0,0,1,2,4,2,1,1,3,1,1,1,1,90 to 100
367,1,1,3,0,0,2,2,3,2,1,1,2,1,7,1,1,90 to 100
368,0,0,1,0,0,1,2,1,2,1,1,3,0,1,2,1,90 to 100
369,0,0,1,0,0,1,2,1,2,1,1,3,0,1,2,1,90 to 100
370,1,1,3,0,0,2,2,3,2,1,1,2,1,7,1,1,90 to 100
371,1,1,4,0,0,2,2,4,2,2,1,1,0,1,1,1,90 to 100
372,0,1,2,1,1,1,2,3,2,2,1,3,0,1,1,1,90 to 100
373,0,0,1,0,0,1,2,1,2,1,1,3,0,1,2,1,90 to 100
374,1,1,4,1,1,1,2,4,2,1,1,1,1,5,1,1,90 to 100
375,1,1,3,0,0,2,2,3,2,1,1,2,1,7,1,1,90 to 100
376,1,0,1,1,1,2,2,2,1,1,1,2,1,7,1,1,90 to 100
377,1,1,4,1,1,1,2,4,2,1,1,1,1,5,1,1,90 to 100
